nb_issue,id_issue,title,id_user,name_labels,nb_comments,creation_time,updated_time,closed_time
1160222691,44619,46462767,[],0,2022-03-05T04:09:01Z,2022-03-05T04:11:16Z,
1160133950,44618,3387,['actioncable'],2,2022-03-04T23:32:49Z,2022-03-05T07:20:11Z,
1160014635,44617,7942714,"['activerecord', 'railties', 'docs']",0,2022-03-04T20:13:41Z,2022-03-04T22:08:27Z,
1159903813,44616,509837,['actionview'],0,2022-03-04T17:55:29Z,2022-03-04T17:56:38Z,
1159838401,44614,922012,['actionview'],0,2022-03-04T16:42:49Z,2022-03-04T16:42:52Z,
1159832478,44613,19192189,['actionpack'],0,2022-03-04T16:35:59Z,2022-03-04T16:41:46Z,
1158702669,44608,17572847,['actionpack'],1,2022-03-03T17:34:57Z,2022-03-03T18:26:10Z,
1158163113,44605,19192189,['activesupport'],0,2022-03-03T09:20:49Z,2022-03-03T09:20:53Z,
1157789234,44603,509837,"['activerecord', 'docs']",0,2022-03-02T23:16:16Z,2022-03-04T17:59:45Z,
1157622253,44601,509837,['activerecord'],1,2022-03-02T19:53:12Z,2022-03-04T17:58:43Z,
1157444988,44599,47113995,['activerecord'],0,2022-03-02T16:50:09Z,2022-03-02T16:50:12Z,
1157413265,44598,3326342,['docs'],1,2022-03-02T16:22:08Z,2022-03-04T21:06:14Z,
1157283261,44597,5107,"['railties', 'attached PR']",4,2022-03-02T14:38:34Z,2022-03-04T17:32:37Z,
1157193266,44596,5077225,['activerecord'],1,2022-03-02T13:24:46Z,2022-03-02T19:16:28Z,
1157057672,44595,4384971,['activesupport'],0,2022-03-02T11:23:02Z,2022-03-02T11:23:06Z,
1156841158,44594,5965113,[],1,2022-03-02T09:03:58Z,2022-03-02T11:29:26Z,
1156067302,44592,509837,"['actionpack', 'docs']",0,2022-03-02T00:46:59Z,2022-03-04T17:59:24Z,
1155775285,44591,1034,['activerecord'],0,2022-03-01T20:18:32Z,2022-03-02T15:10:09Z,
1155720378,44590,15928313,[],0,2022-03-01T19:22:50Z,2022-03-01T19:22:50Z,
1155582747,44589,14005731,[],0,2022-03-01T17:01:40Z,2022-03-01T17:03:06Z,
1155473235,44588,8122246,"['actionpack', 'railties']",5,2022-03-01T15:24:34Z,2022-03-02T23:48:46Z,
1155285825,44583,202611,[],11,2022-03-01T12:32:06Z,2022-03-02T15:54:36Z,
1154273875,44576,1034,['activerecord'],0,2022-02-28T16:08:38Z,2022-03-03T17:10:36Z,
1154203814,44574,453584,['docs'],0,2022-02-28T15:07:46Z,2022-02-28T15:11:15Z,
1154146874,44571,3299948,[],13,2022-02-28T14:16:37Z,2022-03-04T16:05:34Z,
1153380300,44564,200500,['actionview'],2,2022-02-27T20:07:52Z,2022-03-02T18:46:21Z,
1151866347,44560,1034,['activesupport'],0,2022-02-26T15:16:45Z,2022-02-26T15:16:48Z,
1151234448,44558,56545288,['activestorage'],0,2022-02-26T05:25:45Z,2022-02-28T10:34:45Z,
1151001845,44556,8790422,"['actionpack', 'railties', 'docs', 'activestorage', 'actionmailbox', 'actiontext']",0,2022-02-26T00:56:38Z,2022-02-26T00:56:42Z,
1150651367,44553,82634,['activesupport'],10,2022-02-25T16:43:41Z,2022-03-04T15:13:36Z,
1150386297,44551,19192189,['activesupport'],1,2022-02-25T12:23:54Z,2022-03-02T18:54:11Z,
1150287612,44550,33079237,[],1,2022-02-25T10:29:28Z,2022-02-25T20:36:16Z,
1150164625,44549,99234289,['activerecord'],4,2022-02-25T08:16:14Z,2022-03-03T09:11:08Z,
1150043182,44547,6014046,"['actionpack', 'activemodel', 'activerecord', 'activesupport', 'railties']",3,2022-02-25T04:57:16Z,2022-03-01T16:00:28Z,
1149285900,44542,56545288,['activesupport'],4,2022-02-24T13:24:00Z,2022-02-24T19:08:11Z,
1148410182,44534,771968,"['activemodel', 'activerecord']",2,2022-02-23T17:57:55Z,2022-02-28T18:10:14Z,
1148290667,44533,2816976,['activerecord'],1,2022-02-23T16:11:08Z,2022-02-24T23:07:15Z,
1146704862,44518,6289830,['activerecord'],7,2022-02-22T10:08:34Z,2022-03-01T14:54:42Z,
1146085166,44506,771968,['docs'],4,2022-02-21T17:52:25Z,2022-02-21T22:04:37Z,
1145878360,44503,409930,"['actionmailer', 'third party issue']",6,2022-02-21T14:32:59Z,2022-02-24T21:05:00Z,
1145599615,44498,186537,"['activerecord', 'attached PR']",2,2022-02-21T10:21:12Z,2022-03-02T23:17:50Z,
1144857825,44490,505226,['docs'],2,2022-02-19T22:06:49Z,2022-02-21T23:14:17Z,
1144857548,44489,4240939,['activerecord'],5,2022-02-19T22:05:30Z,2022-03-03T18:45:20Z,
1143343989,44479,1543171,"['activerecord', 'With reproduction steps']",13,2022-02-18T16:17:36Z,2022-02-25T13:13:26Z,
1143081297,44478,843601,['activerecord'],1,2022-02-18T13:39:17Z,2022-02-18T16:51:02Z,
1142845999,44477,1899068,"['actionpack', 'With reproduction steps']",1,2022-02-18T11:00:24Z,2022-03-02T12:03:42Z,
1142575196,44476,94361863,['activemodel'],0,2022-02-18T07:54:57Z,2022-02-23T13:40:13Z,
1142139814,44474,1597621,['activestorage'],0,2022-02-18T01:06:44Z,2022-02-18T21:52:13Z,
1142019829,44472,575280,"['docs', 'actionview']",6,2022-02-17T22:55:46Z,2022-03-03T19:46:20Z,
1141875314,44469,131752,['activesupport'],0,2022-02-17T20:59:50Z,2022-02-18T23:45:32Z,
1141873120,44468,2575027,['actionview'],1,2022-02-17T20:58:10Z,2022-02-17T21:28:02Z,
1141840701,44467,6014046,['activemodel'],0,2022-02-17T20:33:40Z,2022-02-17T20:33:43Z,
1141826217,44466,28561,['railties'],0,2022-02-17T20:21:14Z,2022-02-17T21:05:05Z,
1141712918,44465,12671,['activerecord'],3,2022-02-17T18:38:38Z,2022-02-25T22:19:57Z,
1141397868,44460,94361863,"['activemodel', 'attached PR']",2,2022-02-17T14:17:53Z,2022-02-18T21:51:11Z,
1141302439,44459,1773614,['activesupport'],3,2022-02-17T12:55:16Z,2022-02-27T09:44:49Z,
1140682767,44453,25379576,['activemodel'],0,2022-02-16T23:13:05Z,2022-02-17T21:26:29Z,
1139837139,44446,19192189,['activerecord'],0,2022-02-16T10:38:20Z,2022-02-20T12:14:50Z,
1138973641,44438,10539627,"['activerecord', 'docs', 'PostgreSQL']",6,2022-02-15T17:06:52Z,2022-03-02T11:13:02Z,
1137705858,44429,84159,['activerecord'],0,2022-02-14T18:52:24Z,2022-02-16T09:24:10Z,
1134846205,44416,508671,['actioncable'],0,2022-02-13T00:13:22Z,2022-02-14T20:40:04Z,
1134009607,44413,290596,['activesupport'],3,2022-02-12T12:48:03Z,2022-02-14T14:46:56Z,
1133878809,44412,40325625,['actiontext'],0,2022-02-12T11:06:22Z,2022-02-12T11:06:25Z,
1132643031,44401,519226,"['activerecord', 'With reproduction steps']",0,2022-02-11T14:00:28Z,2022-02-11T23:09:59Z,
1132642872,44400,18648391,['activerecord'],3,2022-02-11T14:00:22Z,2022-02-11T23:10:58Z,
1132060374,44398,50848,['activerecord'],0,2022-02-11T08:25:01Z,2022-02-11T08:25:04Z,
1131126743,44395,15652483,"['third party issue', 'activestorage']",2,2022-02-10T22:26:44Z,2022-02-16T23:39:47Z,
1130308189,44389,5820754,['actionview'],0,2022-02-10T15:30:34Z,2022-03-04T10:50:32Z,
1129764154,44387,1501656,['activestorage'],0,2022-02-10T10:09:02Z,2022-02-10T15:21:54Z,
1129627052,44385,56545288,['activestorage'],0,2022-02-10T08:26:03Z,2022-02-12T09:49:56Z,
1129062924,44380,5512772,['activemodel'],1,2022-02-09T21:59:07Z,2022-02-18T22:53:53Z,
1129034454,44379,8986140,['activerecord'],2,2022-02-09T21:22:42Z,2022-02-11T15:47:54Z,
1128990506,44378,5657035,['activestorage'],0,2022-02-09T20:28:37Z,2022-02-09T20:28:41Z,
1128480860,44372,56545288,['activestorage'],1,2022-02-09T12:30:40Z,2022-02-25T21:31:52Z,
1128363017,44370,56816,[],0,2022-02-09T10:43:52Z,2022-02-09T10:43:52Z,
1127534361,44362,163873,['activestorage'],5,2022-02-08T17:13:44Z,2022-02-08T22:50:42Z,
1126878174,44360,442279,['activerecord'],2,2022-02-08T07:16:18Z,2022-02-22T10:08:18Z,
1125679906,44353,1118459,['docs'],3,2022-02-07T08:42:56Z,2022-02-14T11:18:20Z,
1125413794,44351,16215,['docs'],0,2022-02-07T01:53:30Z,2022-02-07T07:19:12Z,
1125336223,44349,10758879,['activesupport'],1,2022-02-06T22:27:51Z,2022-02-17T00:55:48Z,
1125333213,44348,10758879,['activesupport'],2,2022-02-06T22:15:19Z,2022-02-17T09:33:40Z,
1125051948,44341,10539627,"['activerecord', 'attached PR', 'PostgreSQL']",2,2022-02-05T23:06:22Z,2022-02-15T17:15:56Z,
1124511040,44335,771968,['actionview'],0,2022-02-04T18:49:26Z,2022-02-04T18:49:29Z,
1124490926,44333,771968,['actionview'],0,2022-02-04T18:25:17Z,2022-02-04T18:25:21Z,
1123251637,44325,8124558,['docs'],4,2022-02-03T15:51:28Z,2022-02-07T07:21:09Z,
1123212164,44324,5512772,['activemodel'],3,2022-02-03T15:18:06Z,2022-02-21T18:41:11Z,
1122655860,44320,408744,['activerecord'],0,2022-02-03T04:58:32Z,2022-02-07T07:24:58Z,
1122457618,44317,1408661,"['activemodel', 'activerecord']",0,2022-02-02T22:36:01Z,2022-03-02T12:12:51Z,
1122432927,44316,11465945,['activerecord'],0,2022-02-02T22:03:01Z,2022-02-06T02:55:08Z,
1122252694,44314,10863999,[],3,2022-02-02T18:23:40Z,2022-02-20T10:28:09Z,
1122146585,44313,46340573,[],4,2022-02-02T16:35:34Z,2022-02-25T00:05:01Z,
1121972818,44312,60459,['activerecord'],9,2022-02-02T14:09:51Z,2022-03-02T09:34:00Z,
1121950610,44311,12413247,['docs'],1,2022-02-02T13:49:40Z,2022-03-03T10:27:42Z,
1119846723,44298,771968,['activemodel'],0,2022-01-31T19:29:30Z,2022-02-04T19:14:23Z,
1119769318,44297,28561,"['actionpack', 'actionmailbox']",0,2022-01-31T18:12:23Z,2022-02-06T15:18:51Z,
1119494631,44295,2414369,['actionpack'],0,2022-01-31T14:24:09Z,2022-01-31T14:24:12Z,
1118701335,44292,586672,['asset pipeline'],3,2022-01-30T20:52:32Z,2022-02-14T23:52:47Z,
1118335197,44290,771968,['railties'],0,2022-01-29T21:49:39Z,2022-01-30T17:55:19Z,
1118293752,44289,4929877,['actionmailbox'],1,2022-01-29T18:28:24Z,2022-02-01T16:27:30Z,
1117889148,44285,5657035,['activerecord'],0,2022-01-28T22:05:54Z,2022-01-28T22:05:58Z,
1117703269,44283,80056608,"['actionpack', 'activerecord', 'docs', 'actionview', 'activejob', 'activestorage', 'actiontext']",29,2022-01-28T18:17:50Z,2022-02-14T15:08:39Z,
1117446264,44281,993934,['activerecord'],8,2022-01-28T14:06:26Z,2022-02-28T08:45:05Z,
1116848144,44278,2575027,['actionview'],0,2022-01-27T23:40:09Z,2022-01-29T16:38:55Z,
1116593700,44275,2575027,['actionview'],3,2022-01-27T18:12:57Z,2022-02-07T16:46:12Z,
1116238355,44272,4217871,['docs'],0,2022-01-27T13:50:14Z,2022-01-27T13:50:17Z,
1116229382,44271,4217871,['docs'],0,2022-01-27T13:41:42Z,2022-01-27T13:42:15Z,
1115873660,44268,82371,"['activerecord', 'attached PR', 'PostgreSQL', 'With reproduction steps']",3,2022-01-27T07:38:40Z,2022-02-07T07:26:06Z,
1115195006,44264,33804,[],5,2022-01-26T16:07:45Z,2022-02-25T14:41:42Z,
1115190450,44263,33804,['activesupport'],6,2022-01-26T16:03:42Z,2022-02-27T09:21:46Z,
1115155862,44262,2377,['activejob'],0,2022-01-26T15:32:19Z,2022-01-27T09:23:47Z,
1114848728,44260,61185966,[],1,2022-01-26T10:15:39Z,2022-02-03T16:00:42Z,
1114318658,44252,39199,[],17,2022-01-25T20:14:30Z,2022-01-31T12:28:18Z,
1112792801,44242,2488460,"['activerecord', 'activestorage']",7,2022-01-24T15:26:19Z,2022-02-01T17:21:20Z,
1112080147,44239,16215,['asset pipeline'],1,2022-01-24T02:04:20Z,2022-02-01T16:51:07Z,
1111937265,44236,702380,['activerecord'],0,2022-01-23T17:41:18Z,2022-01-23T17:41:21Z,
1110948801,44231,6289830,['activerecord'],0,2022-01-21T21:15:25Z,2022-01-31T23:28:29Z,
1110328333,44226,7135337,['activesupport'],5,2022-01-21T10:50:00Z,2022-02-02T16:04:47Z,
1110284340,44225,716130,[],7,2022-01-21T10:07:04Z,2022-02-01T17:52:44Z,
1109706966,44218,6445815,['activerecord'],4,2022-01-20T19:54:21Z,2022-01-20T23:08:26Z,
1107559131,44203,2432595,['docs'],0,2022-01-19T02:14:08Z,2022-01-20T01:57:34Z,
1107347793,44197,28561,['railties'],2,2022-01-18T20:47:25Z,2022-01-20T18:14:54Z,
1107081370,44195,34626017,['actionpack'],0,2022-01-18T16:01:42Z,2022-01-19T10:05:05Z,
1106646635,44194,4912,['activerecord'],2,2022-01-18T09:06:55Z,2022-01-18T11:57:29Z,
1106445425,44192,771411,['railties'],0,2022-01-18T03:47:23Z,2022-01-18T04:04:07Z,
1106141142,44189,771968,['activerecord'],0,2022-01-17T18:10:20Z,2022-01-17T18:10:23Z,
1106048399,44187,34626017,['activesupport'],1,2022-01-17T16:20:31Z,2022-01-19T14:30:21Z,
1105177404,44183,392754,[],0,2022-01-16T20:19:00Z,2022-01-16T20:19:00Z,
1105033853,44182,910161,[],11,2022-01-16T12:05:31Z,2022-02-20T19:56:49Z,
1105001559,44181,3153380,[],6,2022-01-16T09:32:55Z,2022-01-19T06:58:26Z,
1104841087,44179,771968,"['activesupport', 'railties']",0,2022-01-15T20:27:09Z,2022-02-05T17:11:05Z,
1104064625,44175,13696143,"['actionmailer', 'actionmailbox']",7,2022-01-14T19:45:38Z,2022-01-27T20:07:54Z,
1102285752,44170,90962,['actionview'],9,2022-01-13T20:05:26Z,2022-02-10T06:26:34Z,
1102212962,44169,62393985,[],4,2022-01-13T19:20:38Z,2022-02-16T10:38:48Z,
1101852288,44165,42961155,['activestorage'],1,2022-01-13T14:30:46Z,2022-02-01T17:21:58Z,
1101372486,44164,1311493,[],7,2022-01-13T08:33:33Z,2022-01-17T07:10:17Z,
1100920935,44162,16997,"['actionmailer', 'railties']",0,2022-01-12T23:36:44Z,2022-01-13T20:39:29Z,
1100830650,44161,26173648,['actionmailer'],10,2022-01-12T22:01:47Z,2022-01-14T16:34:44Z,
1100740034,44160,1447611,"['activerecord', 'With reproduction steps']",2,2022-01-12T20:03:36Z,2022-02-01T17:47:30Z,
1097740170,44134,60428992,"['actionmailer', 'With reproduction steps']",6,2022-01-10T10:56:06Z,2022-02-01T17:46:30Z,
1097631178,44132,7736232,"['railties', 'actiontext']",0,2022-01-10T09:10:59Z,2022-01-10T14:16:58Z,
1097530953,44131,121169,['activesupport'],1,2022-01-10T07:14:05Z,2022-01-11T12:44:23Z,
1096993516,44125,81818,[],1,2022-01-08T17:50:02Z,2022-01-17T14:31:20Z,
1096381412,44106,3535,"['actionmailer', 'actionpack', 'railties', 'actioncable', 'actionmailbox']",1,2022-01-07T14:45:56Z,2022-01-09T11:26:34Z,
1095350720,44095,2954,"['activerecord', 'activesupport']",0,2022-01-06T14:03:50Z,2022-01-14T18:01:27Z,
1095033647,44091,1118459,['railties'],2,2022-01-06T07:10:46Z,2022-01-26T01:11:47Z,
1094924613,44090,13419648,[],6,2022-01-06T03:11:22Z,2022-01-26T11:01:04Z,
1094661518,44085,20938712,"['actionmailer', 'activerecord', 'activesupport', 'actionview', 'activestorage']",1,2022-01-05T19:07:48Z,2022-01-17T18:51:54Z,
1094610708,44084,62055282,"['activerecord', 'With reproduction steps']",2,2022-01-05T18:01:31Z,2022-02-22T02:16:59Z,
1094494191,44079,23479,['activerecord'],4,2022-01-05T15:49:55Z,2022-03-04T14:24:00Z,
1093886544,44075,380809,[],16,2022-01-05T01:13:14Z,2022-01-07T07:57:58Z,
1093771248,44074,10374934,['actionpack'],5,2022-01-04T21:33:31Z,2022-01-06T17:07:43Z,
1093733653,44073,256,[],1,2022-01-04T20:36:26Z,2022-01-04T22:04:16Z,
1093693652,44071,10374934,"['actionpack', 'attached PR']",3,2022-01-04T19:38:14Z,2022-01-07T23:29:56Z,
1093609237,44068,2051456,[],13,2022-01-04T17:40:16Z,2022-02-01T21:55:40Z,
1092612285,44054,34626017,['activerecord'],5,2022-01-03T15:40:21Z,2022-01-14T12:19:49Z,
1092160754,44047,2022057,['docs'],0,2022-01-03T01:27:40Z,2022-01-03T01:27:43Z,
1091864438,44041,125716,[],0,2022-01-01T18:09:58Z,2022-01-01T18:12:11Z,
1091385725,44035,422544,[],0,2021-12-31T02:37:18Z,2021-12-31T02:38:11Z,
1091138685,44031,23479,['docs'],2,2021-12-30T14:29:04Z,2022-01-06T13:58:47Z,
1090726806,44026,35578316,['security'],0,2021-12-29T20:10:11Z,2022-01-01T22:41:13Z,
1090435152,44024,18597999,['activerecord'],0,2021-12-29T10:52:48Z,2022-01-03T16:21:02Z,
1090101879,44019,771968,['activerecord'],3,2021-12-28T20:03:46Z,2022-01-20T23:13:39Z,
1090019929,44018,101501,['activerecord'],0,2021-12-28T17:00:11Z,2021-12-28T17:01:56Z,
1089962890,44015,3492040,['actionpack'],4,2021-12-28T15:16:39Z,2022-02-16T07:40:10Z,
1089488172,44012,9431350,['docs'],1,2021-12-27T21:47:45Z,2022-01-18T08:34:41Z,
1089457835,44010,1421705,"['activerecord', 'ready']",4,2021-12-27T20:27:04Z,2022-03-04T00:35:38Z,
1089361900,44008,13257832,"['ready', 'actionmailbox']",9,2021-12-27T17:00:31Z,2022-01-14T22:20:57Z,
1088924928,44005,583995,['activerecord'],18,2021-12-27T03:06:13Z,2022-01-04T19:08:07Z,
1088573317,43996,549126,[],0,2021-12-25T09:12:19Z,2021-12-25T09:12:19Z,
1088435656,43990,453265,['activerecord'],0,2021-12-24T15:51:20Z,2021-12-24T17:08:01Z,
1088191703,43987,39144575,[],4,2021-12-24T06:51:32Z,2022-01-12T16:07:58Z,
1088004863,43983,9948149,['activesupport'],1,2021-12-23T21:39:42Z,2022-01-05T12:35:07Z,
1087757025,43982,179542,"['docs', 'security', 'activestorage']",0,2021-12-23T14:20:20Z,2021-12-23T19:05:06Z,
1087284565,43978,23479,['activerecord'],4,2021-12-23T00:51:00Z,2022-01-04T23:49:20Z,
1087243460,43976,1007217,['activestorage'],7,2021-12-22T22:57:41Z,2022-02-05T15:05:43Z,
1087228222,43975,4910785,['actionview'],1,2021-12-22T22:21:24Z,2022-02-13T20:14:55Z,
1087061641,43973,1906547,[],4,2021-12-22T18:04:22Z,2022-02-10T02:46:54Z,
1086684082,43966,803765,['activerecord'],28,2021-12-22T10:33:29Z,2022-02-01T18:10:23Z,
1086196157,43958,771968,['activerecord'],0,2021-12-21T20:11:37Z,2021-12-24T14:56:11Z,
1085845553,43954,347921,[],1,2021-12-21T13:39:46Z,2021-12-21T20:03:10Z,
1085817805,43953,347921,['actionpack'],4,2021-12-21T13:10:25Z,2022-02-01T18:09:12Z,
1085198491,43946,13696143,"['activerecord', 'railties', 'docs']",3,2021-12-20T21:01:40Z,2021-12-22T19:30:20Z,
1085082956,43945,771968,"['activemodel', 'activerecord']",19,2021-12-20T18:25:19Z,2022-01-20T20:05:29Z,
1084299749,43942,94129,['activestorage'],2,2021-12-20T02:56:29Z,2021-12-22T00:20:14Z,
1084126340,43937,42070,['attached PR'],6,2021-12-19T15:39:41Z,2022-02-01T18:05:52Z,
1084093243,43936,491363,['activesupport'],0,2021-12-19T13:04:01Z,2022-01-12T05:49:34Z,
1083877385,43929,1983566,['docs'],4,2021-12-18T17:29:10Z,2022-01-05T20:10:47Z,
1083763539,43928,2309740,"['With reproduction steps', 'actionmailbox']",4,2021-12-18T06:45:18Z,2022-02-18T23:28:58Z,
1083439123,43922,92044,[],9,2021-12-17T16:46:48Z,2022-01-24T03:59:35Z,
1083302772,43917,586910,[],1,2021-12-17T14:15:42Z,2021-12-17T14:18:40Z,
1082720675,43906,8509501,['asset pipeline'],9,2021-12-16T23:11:54Z,2022-01-12T12:17:56Z,
1081146432,43876,648944,['activerecord'],6,2021-12-15T15:02:22Z,2021-12-17T08:52:59Z,
1079517917,43860,165599,"['docs', 'activejob']",2,2021-12-14T09:31:13Z,2021-12-18T07:28:39Z,
1074892211,43813,25510440,['actionview'],0,2021-12-08T22:16:40Z,2021-12-08T23:48:18Z,
1074877599,43812,219275,['docs'],0,2021-12-08T21:54:56Z,2021-12-14T07:45:50Z,
1074811251,43810,347921,['activesupport'],2,2021-12-08T20:40:12Z,2021-12-09T21:18:31Z,
1071824861,43781,24945117,[],0,2021-12-06T07:38:14Z,2021-12-06T07:38:14Z,
1071578893,43780,6651506,[],0,2021-12-05T22:49:43Z,2021-12-05T22:49:43Z,
1070856298,43773,6142,[],13,2021-12-03T18:40:14Z,2022-01-09T13:34:36Z,
1070205103,43770,315873,['actionpack'],4,2021-12-03T04:23:22Z,2021-12-10T18:58:44Z,
1067697420,43760,1151753,['actionpack'],8,2021-11-30T21:34:55Z,2022-03-03T15:15:42Z,
1067672979,43759,11466782,['actiontext'],3,2021-11-30T21:03:20Z,2022-01-09T10:04:53Z,
1067405303,43755,170034,"['actionpack', 'ready']",5,2021-11-30T16:00:45Z,2021-12-19T10:05:51Z,
1067148878,43754,58794487,['railties'],2,2021-11-30T11:57:43Z,2022-03-01T07:40:42Z,
1066806787,43749,1037088,['activesupport'],3,2021-11-30T05:22:44Z,2021-12-18T08:08:25Z,
1066420406,43746,4616,['actionpack'],12,2021-11-29T19:35:39Z,2021-12-08T18:41:09Z,
1065395544,43741,1191305,"['activerecord', 'stale']",1,2021-11-28T17:58:26Z,2022-02-26T18:02:19Z,
1065292559,43739,10928518,['activemodel'],4,2021-11-28T10:18:24Z,2022-01-16T22:12:58Z,
1064959993,43736,619324,['activerecord'],3,2021-11-27T10:36:46Z,2022-02-27T11:54:41Z,
1064780803,43733,216617,['routing'],3,2021-11-26T20:08:14Z,2022-01-08T19:27:51Z,
1064004220,43728,111689,"['actionpack', 'attached PR']",0,2021-11-26T00:52:59Z,2021-11-26T21:46:51Z,
1063555500,43724,200083,['activerecord'],3,2021-11-25T12:54:59Z,2021-12-23T06:21:39Z,
1063350691,43721,23067102,[],6,2021-11-25T09:36:01Z,2022-02-28T09:31:07Z,
1061855573,43706,11466782,['actiontext'],0,2021-11-24T00:42:37Z,2022-02-18T20:34:30Z,
1061663657,43702,347921,['stale'],4,2021-11-23T20:05:15Z,2022-02-27T14:58:10Z,
1060383591,43690,771968,['actionpack'],2,2021-11-22T16:53:54Z,2022-02-28T18:36:03Z,
1060366755,43689,771968,['actionview'],1,2021-11-22T16:36:36Z,2022-02-28T18:44:52Z,
1060345326,43688,771968,['activemodel'],1,2021-11-22T16:17:42Z,2022-02-28T18:36:16Z,
1059496647,43682,12413247,"['docs', 'attached PR']",2,2021-11-21T21:53:07Z,2022-03-02T12:16:13Z,
1059019949,43676,14062988,"['activerecord', 'With reproduction steps']",2,2021-11-20T00:55:57Z,2021-11-29T16:04:20Z,
1058333654,43672,1687073,['actionview'],2,2021-11-19T09:42:43Z,2022-03-04T07:37:26Z,
1056183181,43664,109135,['activerecord'],4,2021-11-17T14:15:33Z,2022-01-17T05:28:04Z,
1055523666,43662,5512772,"['activerecord', 'stale']",6,2021-11-16T23:15:03Z,2022-03-02T03:04:21Z,
1055059912,43657,247,"['activerecord', 'With reproduction steps']",2,2021-11-16T16:09:42Z,2022-02-19T20:27:52Z,
1054754331,43655,30904,['activesupport'],2,2021-11-16T11:14:54Z,2022-01-07T17:17:53Z,
1054624740,43654,109765,"['actionpack', 'With reproduction steps']",2,2021-11-16T09:06:08Z,2021-11-29T09:40:27Z,
1054499297,43653,2906913,"['activerecord', 'attached PR', 'With reproduction steps']",0,2021-11-16T06:31:49Z,2021-11-21T21:11:08Z,
1053868517,43647,13696143,"['activerecord', 'With reproduction steps']",0,2021-11-15T16:35:58Z,2021-11-21T21:10:28Z,
1053598742,43645,126732,"['activerecord', 'stale']",4,2021-11-15T12:15:47Z,2022-03-03T20:34:24Z,
1053168602,43642,1049190,"['activerecord', 'With reproduction steps']",6,2021-11-15T03:17:54Z,2022-02-10T23:35:06Z,
1052295821,43638,58702,"['railties', 'With reproduction steps']",1,2021-11-12T18:39:20Z,2021-12-26T21:15:55Z,
1051988560,43633,91659607,"['With reproduction steps', 'activestorage']",2,2021-11-12T13:51:45Z,2021-12-11T07:01:31Z,
1050199796,43626,25282,['activerecord'],4,2021-11-10T19:03:48Z,2022-02-27T08:03:57Z,
1048414265,43617,5016246,['activerecord'],6,2021-11-09T10:05:59Z,2022-02-23T12:54:26Z,
1047913992,43613,5093358,['railties'],1,2021-11-08T21:01:07Z,2022-02-11T16:46:16Z,
1047467532,43609,18427451,['activerecord'],5,2021-11-08T13:44:21Z,2022-01-09T20:30:44Z,
1046297977,43602,13631576,['activesupport'],4,2021-11-05T23:03:10Z,2022-01-17T16:57:23Z,
1046123761,43601,14044753,['railties'],12,2021-11-05T18:26:44Z,2021-12-30T20:48:36Z,
1045124911,43594,111346,"['actionmailer', 'docs', 'ready']",1,2021-11-04T19:29:04Z,2022-02-02T22:11:34Z,
1044252647,43590,447953,"['activerecord', 'attached PR']",2,2021-11-04T00:41:38Z,2021-11-07T22:24:20Z,
1044137696,43589,111346,"['activemodel', 'activerecord']",2,2021-11-03T21:38:15Z,2022-02-16T09:01:35Z,
1042135721,43582,6097,['activerecord'],2,2021-11-02T10:29:04Z,2022-02-01T17:47:52Z,
1039055610,43565,3970173,['activerecord'],3,2021-10-29T00:28:33Z,2021-12-16T21:58:45Z,
1038168381,43557,1753245,['activerecord'],4,2021-10-28T07:20:13Z,2022-01-26T16:24:43Z,
1036624455,43540,509837,"['activesupport', 'actionview']",1,2021-10-26T18:43:42Z,2022-01-24T23:08:30Z,
1036546043,43539,125331,['activerecord'],1,2021-10-26T17:07:20Z,2022-01-28T20:26:12Z,
1036153381,43537,347921,['activesupport'],0,2021-10-26T11:07:51Z,2022-01-01T15:42:15Z,
1035567616,43531,4815,['railties'],5,2021-10-25T20:59:37Z,2021-12-15T01:08:06Z,
1034989402,43525,1753245,"['activerecord', 'activesupport']",7,2021-10-25T11:00:50Z,2022-01-26T16:25:04Z,
1034848076,43522,29691074,[],1,2021-10-25T08:43:46Z,2021-12-14T19:24:05Z,
1033769981,43510,1080678,"['activerecord', 'railties', 'docs']",6,2021-10-22T16:40:58Z,2021-12-07T11:14:21Z,
1032016000,43500,443678,['activerecord'],3,2021-10-21T03:19:42Z,2022-01-18T12:04:47Z,
1030819532,43495,26798548,['activemodel'],2,2021-10-19T23:16:49Z,2022-01-18T01:31:49Z,
1028060873,43476,5059927,['activerecord'],1,2021-10-16T14:23:49Z,2022-01-14T15:10:22Z,
1027099211,43469,11528362,['actiontext'],2,2021-10-15T05:36:24Z,2022-02-17T19:29:45Z,
1026902020,43466,3067361,"['actionpack', 'With reproduction steps']",0,2021-10-14T23:10:54Z,2021-10-15T15:48:20Z,
1026753377,43462,180819,['activerecord'],2,2021-10-14T19:39:20Z,2022-01-12T21:07:27Z,
1023262869,43431,40276,['routing'],19,2021-10-12T01:28:54Z,2022-01-12T02:49:25Z,
1021806296,43418,2575027,['actionview'],7,2021-10-09T21:09:03Z,2022-02-25T20:12:21Z,
1021376226,43412,12435007,['railties'],2,2021-10-08T18:48:00Z,2022-01-10T07:18:19Z,
1020796952,43403,18269095,['activestorage'],5,2021-10-08T07:43:49Z,2022-01-10T00:02:34Z,
1020548031,43402,17059882,['activerecord'],7,2021-10-07T23:43:11Z,2022-02-28T18:34:27Z,
1020300742,43400,509837,['activerecord'],12,2021-10-07T17:43:04Z,2022-01-24T13:54:44Z,
1020228338,43399,47113995,"['activemodel', 'activerecord']",8,2021-10-07T16:18:11Z,2022-02-13T12:31:36Z,
1018471663,43386,11539300,['activerecord'],2,2021-10-06T14:39:48Z,2022-01-04T17:20:19Z,
1018458109,43385,11539300,"['activerecord', 'attached PR']",0,2021-10-06T14:33:23Z,2021-10-15T19:07:00Z,
1014595175,43366,1709860,['activesupport'],2,2021-10-03T23:30:30Z,2022-01-05T00:16:09Z,
1013803683,43359,6721355,['railties'],0,2021-10-01T22:13:11Z,2021-12-25T17:47:58Z,
1013509862,43357,11367,"['actionpack', 'attached PR']",1,2021-10-01T15:58:23Z,2021-10-07T02:03:35Z,
1013426181,43354,1753245,['activerecord'],3,2021-10-01T14:36:33Z,2022-01-26T16:26:00Z,
1011863143,43337,6230277,"['activesupport', 'ready']",3,2021-09-30T08:15:23Z,2022-01-10T09:32:03Z,
1010927731,43332,4662444,"['actionpack', 'attached PR']",9,2021-09-29T12:59:42Z,2021-10-04T19:41:21Z,
1010659041,43330,7011,['docs'],2,2021-09-29T08:33:04Z,2022-01-12T10:56:42Z,
1008053433,43312,6230277,"['activesupport', 'attached PR']",9,2021-09-27T11:52:11Z,2021-09-30T14:18:35Z,
1005272376,43293,1753245,"['actionpack', 'activesupport']",7,2021-09-23T10:36:10Z,2022-01-04T13:59:43Z,
1004487586,43289,3848185,['actionpack'],5,2021-09-22T16:20:04Z,2022-01-03T09:29:49Z,
1004447303,43288,845662,"['railties', 'actionview']",14,2021-09-22T15:40:39Z,2022-01-01T17:52:02Z,
1003975603,43283,17131096,"['activemodel', 'stale']",5,2021-09-22T08:06:01Z,2022-02-27T09:58:07Z,
1000367515,43260,1177034,['activestorage'],2,2021-09-19T17:11:47Z,2021-12-11T17:50:39Z,
998683445,43238,10670581,['activerecord'],2,2021-09-16T21:58:59Z,2021-12-16T20:01:46Z,
998593973,43235,3260563,['i18n'],8,2021-09-16T20:04:31Z,2022-01-07T12:17:11Z,
998586373,43234,2091777,['activestorage'],4,2021-09-16T19:56:23Z,2021-12-21T11:13:23Z,
998493367,43231,1177034,"['attached PR', 'activestorage']",9,2021-09-16T18:12:28Z,2021-09-20T12:15:02Z,
992998722,43201,67089411,['activerecord'],3,2021-09-10T08:14:52Z,2021-12-21T07:04:05Z,
992949519,43200,67089411,['activerecord'],3,2021-09-10T07:04:20Z,2021-12-21T07:07:12Z,
992607222,43194,58703271,"['actionview', 'attached PR']",1,2021-09-09T20:32:19Z,2021-12-08T21:01:28Z,
990220011,43181,5059927,['activerecord'],8,2021-09-07T17:58:42Z,2021-12-09T00:20:25Z,
981831678,43122,1753245,['activerecord'],6,2021-08-28T13:11:42Z,2022-01-04T13:59:55Z,
980983919,43116,5259935,['activemodel'],6,2021-08-27T08:01:22Z,2021-12-08T23:58:19Z,
979050652,43096,1533307,['activerecord'],9,2021-08-25T11:50:22Z,2022-03-03T18:35:48Z,
977649240,43085,20938712,['activerecord'],3,2021-08-24T02:49:58Z,2022-02-08T18:32:00Z,
975763720,43059,2377,"['activerecord', 'pinned']",1,2021-08-20T16:40:28Z,2021-11-30T18:02:19Z,
975319142,43056,1017323,['activerecord'],14,2021-08-20T06:48:09Z,2022-02-01T23:08:16Z,
974563630,43051,848,['docs'],3,2021-08-19T11:28:04Z,2021-12-15T23:13:22Z,
971223311,43019,107416,['actionview'],4,2021-08-15T21:02:05Z,2022-02-14T14:51:28Z,
971009247,43014,50518,"['activerecord', 'attached PR']",1,2021-08-14T22:57:06Z,2021-10-21T15:41:10Z,
964300001,42981,509837,"['activestorage', 'ready']",12,2021-08-09T19:23:26Z,2021-12-08T19:56:44Z,
963874082,42976,6991364,['activerecord'],9,2021-08-09T10:55:36Z,2021-12-27T13:24:21Z,
963670137,42975,4011729,"['activerecord', 'attached PR']",6,2021-08-09T05:59:33Z,2021-12-16T05:54:30Z,
962946596,42959,1322013,"['activemodel', 'With reproduction steps']",2,2021-08-06T18:11:31Z,2021-08-09T20:31:29Z,
960164852,42942,53356539,"['actionpack', 'security']",4,2021-08-04T09:47:28Z,2021-08-09T20:33:09Z,
960076645,42941,619324,['activestorage'],10,2021-08-04T08:43:46Z,2021-12-20T11:48:08Z,
957594212,42929,129938,"['activerecord', 'railties', 'docs']",5,2021-08-01T21:52:02Z,2021-12-06T22:37:47Z,
957126926,42922,6631628,"['activerecord', 'attached PR']",4,2021-07-31T00:01:49Z,2021-11-01T23:34:01Z,
957009143,42921,11822875,['activerecord'],0,2021-07-30T19:30:06Z,2021-12-14T19:25:09Z,
956737780,42918,11822875,"['activerecord', 'attached PR']",4,2021-07-30T13:16:26Z,2021-07-30T19:31:16Z,
956097786,42909,1377422,['activesupport'],5,2021-07-29T18:24:35Z,2022-01-05T15:42:02Z,
956003570,42907,771968,['activemodel'],0,2021-07-29T16:18:22Z,2022-01-20T23:54:53Z,
951518313,42849,35431,['actionmailer'],10,2021-07-23T12:03:09Z,2022-01-21T10:58:06Z,
951109976,42848,1706819,"['activemodel', 'activerecord', 'stale']",4,2021-07-22T22:34:16Z,2022-03-01T02:01:41Z,
951108070,42847,16633,['activestorage'],2,2021-07-22T22:29:52Z,2021-12-14T08:07:50Z,
950628233,42837,11101,"['actionmailer', 'railties']",2,2021-07-22T12:56:21Z,2022-01-20T13:23:27Z,
946293551,42802,22633414,"['activesupport', 'attached PR']",1,2021-07-16T13:25:51Z,2021-07-18T20:26:06Z,
944469889,42784,586910,['asset pipeline'],10,2021-07-14T14:10:05Z,2022-01-04T17:01:18Z,
942174896,42759,509837,"['activerecord', 'attached PR']",8,2021-07-12T15:20:16Z,2021-12-30T15:03:30Z,
941068592,42748,20196775,['activerecord'],11,2021-07-09T21:13:15Z,2021-12-07T10:43:48Z,
939110074,42724,50778,"['activerecord', 'needs feedback']",9,2021-07-07T17:30:40Z,2022-02-14T10:37:27Z,
938433546,42716,41755,"['regression', 'activerecord', 'With reproduction steps']",1,2021-07-07T03:07:30Z,2021-08-02T23:09:54Z,
937754135,42708,7149034,"['activemodel', 'docs']",4,2021-07-06T10:34:31Z,2022-01-10T01:15:56Z,
937311724,42701,1539610,"['actionview', 'attached PR']",0,2021-07-05T19:04:31Z,2021-07-06T14:53:19Z,
936517506,42695,35639676,"['activerecord', 'ready']",9,2021-07-04T18:47:42Z,2022-01-22T03:17:24Z,
936339824,42691,5657035,['activerecord'],4,2021-07-03T23:00:43Z,2022-01-25T12:27:14Z,
934070008,42661,3421478,"['activerecord', 'With reproduction steps']",1,2021-06-30T19:48:04Z,2021-12-22T00:21:51Z,
933656595,42650,1753245,"['activemodel', 'activerecord']",4,2021-06-30T12:30:49Z,2022-01-11T09:27:24Z,
932517972,42637,17131096,"['activerecord', 'attached PR', 'With reproduction steps']",2,2021-06-29T11:21:49Z,2021-06-29T21:14:23Z,
930386173,42607,1074181,['attached PR'],0,2021-06-25T17:55:26Z,2021-06-25T18:21:25Z,
930197267,42602,1753245,['activerecord'],3,2021-06-25T13:54:06Z,2022-02-18T12:21:22Z,
928123279,42575,1753245,['activerecord'],9,2021-06-23T10:49:15Z,2022-02-11T13:13:32Z,
927464947,42561,84783,"['activerecord', 'attached PR']",6,2021-06-22T17:17:36Z,2021-06-23T01:39:00Z,
926548334,42552,76328,['activerecord'],8,2021-06-21T19:59:34Z,2021-12-19T11:19:26Z,
925676307,42544,94129,['actionpack'],6,2021-06-20T20:29:39Z,2021-12-22T14:46:17Z,
924487314,42531,672769,['activerecord'],9,2021-06-18T02:39:42Z,2022-02-14T12:09:27Z,
923520712,42520,7011,"['actionmailer', 'actionpack', 'railties']",10,2021-06-17T06:38:04Z,2022-01-09T12:17:54Z,
918646886,42452,619324,['activerecord'],11,2021-06-11T11:49:49Z,2022-02-25T11:04:38Z,
916099836,42430,619324,['activerecord'],7,2021-06-09T11:33:37Z,2021-12-08T12:38:20Z,
915248782,42424,1724355,"['activerecord', 'attached PR']",3,2021-06-08T16:48:12Z,2021-06-17T08:34:33Z,
912703178,42407,3557,"['actionpack', 'ready']",1,2021-06-06T08:00:37Z,2022-01-04T13:41:45Z,
911357474,42387,1596233,"['activerecord', 'attached PR']",7,2021-06-04T10:17:53Z,2021-06-23T16:04:03Z,
908788874,42350,5657035,['activerecord'],5,2021-06-01T22:47:07Z,2022-02-07T19:27:48Z,
907558919,42331,8393857,['activerecord'],7,2021-05-31T15:20:25Z,2021-12-22T16:48:02Z,
906122565,42314,6014046,"['activesupport', 'railties', 'docs']",5,2021-05-28T21:59:45Z,2022-02-02T18:14:38Z,
899373402,42278,3387,"['actionpack', 'pinned']",20,2021-05-24T07:26:39Z,2021-12-15T03:10:15Z,
898698652,42271,30030,['activerecord'],22,2021-05-22T02:27:29Z,2022-02-06T13:37:30Z,
898418163,42268,523683,"['activerecord', 'attached PR', 'PostgreSQL']",1,2021-05-21T20:01:09Z,2021-08-06T21:36:07Z,
894273904,42251,19192189,"['activerecord', 'pinned']",3,2021-05-18T11:25:18Z,2021-10-22T21:07:22Z,
894016335,42248,7397857,"['docs', 'attached PR']",0,2021-05-18T06:31:12Z,2021-05-27T12:20:20Z,
892167323,42228,583995,"['attached PR', 'actiontext']",0,2021-05-14T19:04:02Z,2021-05-17T03:07:02Z,
874967660,42138,6014046,"['activesupport', 'railties']",5,2021-05-03T22:51:38Z,2022-02-02T17:53:47Z,
874007842,42125,12642,"['activemodel', 'activerecord']",3,2021-05-02T18:13:59Z,2022-02-26T05:44:25Z,
860564189,42010,64965,"['activerecord', 'pinned']",4,2021-04-18T03:29:11Z,2021-07-26T12:33:10Z,
857136262,41966,12642,"['actionmailer', 'actionpack', 'activemodel', 'activerecord', 'activesupport', 'railties', 'actionview', 'activejob', 'pinned']",3,2021-04-13T16:37:11Z,2022-01-24T10:33:45Z,
853285432,41878,1753245,['activerecord'],6,2021-04-08T09:47:20Z,2022-01-29T11:53:15Z,
852772304,41870,107591,"['activerecord', 'attached PR']",1,2021-04-07T20:10:41Z,2021-06-29T15:05:39Z,
852234911,41868,3525369,['activerecord'],8,2021-04-07T09:54:41Z,2022-02-10T22:09:09Z,
851842281,41864,191320,['activerecord'],5,2021-04-06T22:02:10Z,2021-12-21T07:57:27Z,
851596567,41855,1729810,"['regression', 'activerecord']",4,2021-04-06T16:30:21Z,2021-04-20T15:32:53Z,
851050141,41848,34018,"['activerecord', 'attached PR']",2,2021-04-06T06:35:05Z,2021-06-03T15:17:53Z,
849574805,41830,19525237,"['railties', 'attached PR']",11,2021-04-03T04:28:44Z,2022-03-01T02:36:26Z,
846815677,41811,19552342,"['activerecord', 'attached PR']",9,2021-03-31T14:55:36Z,2022-02-12T16:37:08Z,
844298402,41799,179923,['activestorage'],7,2021-03-30T09:46:04Z,2022-01-18T21:34:16Z,
838110510,41730,12642,"['activerecord', 'needs feedback']",6,2021-03-22T21:08:52Z,2021-12-16T16:18:03Z,
835934400,41701,94129,"['activerecord', 'With reproduction steps']",4,2021-03-19T12:27:51Z,2021-09-04T20:35:53Z,
833659499,41692,8393857,"['activerecord', 'attached PR']",16,2021-03-17T11:11:16Z,2021-05-22T00:26:43Z,
829461354,41661,7756801,"['attached PR', 'activestorage']",1,2021-03-11T19:34:50Z,2021-10-28T13:56:54Z,
827953134,41651,315873,"['activerecord', 'attached PR']",1,2021-03-10T15:55:01Z,2021-08-02T23:39:04Z,
827901541,41650,938305,"['activesupport', 'attached PR']",0,2021-03-10T15:19:54Z,2021-03-18T23:21:06Z,
823031800,41622,993934,['activerecord'],12,2021-03-05T12:16:16Z,2022-02-18T16:12:21Z,
817731348,41562,771968,['actionview'],4,2021-02-26T22:45:06Z,2022-01-20T21:59:04Z,
813838621,41520,509837,['attached PR'],12,2021-02-22T20:29:03Z,2021-07-22T00:53:08Z,
813625274,41517,119518,['actionpack'],9,2021-02-22T15:51:45Z,2022-01-18T16:31:32Z,
811865867,41498,234531,"['regression', 'activerecord']",2,2021-02-19T09:40:25Z,2021-06-16T16:34:25Z,
811257926,41489,1753245,['activerecord'],5,2021-02-18T16:27:18Z,2022-01-11T07:45:47Z,
808729348,41452,77887,"['actionview', 'With reproduction steps']",12,2021-02-15T18:00:12Z,2021-05-22T22:30:00Z,
806765878,41415,478564,['actioncable'],20,2021-02-11T21:42:00Z,2022-02-23T19:13:45Z,
806690076,41413,16446,"['attached PR', 'activestorage']",0,2021-02-11T19:48:32Z,2021-06-29T20:55:41Z,
806576627,41412,1753245,"['activemodel', 'needs feedback']",10,2021-02-11T17:03:44Z,2021-12-27T09:50:19Z,
804943530,41387,1778360,"['activerecord', 'railties', 'actioncable', 'actionmailbox']",20,2021-02-09T21:35:12Z,2022-02-20T14:00:40Z,
804263505,41378,809378,['attached PR'],15,2021-02-09T06:44:29Z,2021-12-11T18:43:48Z,
802294518,41346,4432609,"['attached PR', 'activestorage']",3,2021-02-05T16:18:52Z,2021-08-08T13:14:41Z,
800216193,41321,1753245,['activerecord'],6,2021-02-03T10:59:28Z,2022-02-07T02:41:26Z,
795608770,41262,12642,['activerecord'],9,2021-01-28T02:22:43Z,2022-02-26T05:44:41Z,
794673794,41250,508130,"['activerecord', 'attached PR']",11,2021-01-27T00:52:56Z,2022-02-07T10:04:03Z,
790700051,41195,22461638,['attached PR'],2,2021-01-21T05:04:07Z,2021-07-02T05:26:25Z,
789288337,41178,509837,"['docs', 'actionview', 'activestorage', 'actiontext']",9,2021-01-19T19:15:35Z,2021-12-21T20:51:36Z,
789261168,41176,13686,"['activerecord', 'pinned', 'parallel testing']",10,2021-01-19T18:34:24Z,2022-01-26T13:36:34Z,
787967608,41151,39337855,['activerecord'],15,2021-01-18T06:33:54Z,2022-02-03T12:59:29Z,
787702832,41148,395584,"['actionpack', 'security']",8,2021-01-17T13:10:01Z,2022-02-07T19:02:23Z,
787322476,41136,12642,['activerecord'],6,2021-01-16T01:58:42Z,2022-02-26T05:44:52Z,
782068726,41051,785641,"['attached PR', 'pinned']",9,2021-01-08T11:57:49Z,2021-08-16T21:22:42Z,
778317179,41010,92044,"['regression', 'activerecord']",4,2021-01-04T19:41:26Z,2021-10-15T19:19:53Z,
777679909,41004,56537762,"['docs', 'activestorage']",21,2021-01-03T17:17:35Z,2022-02-28T08:35:49Z,
775454919,40958,16072040,"['activerecord', 'pinned']",5,2020-12-28T15:29:05Z,2021-03-29T05:20:49Z,
771518021,40892,395584,"['actionpack', 'security']",1,2020-12-20T05:28:55Z,2020-12-30T00:55:38Z,
770417005,40874,162970,"['regression', 'activerecord']",8,2020-12-17T22:19:51Z,2021-06-25T20:45:34Z,
765938493,40829,1049190,"['pinned', 'actiontext']",4,2020-12-14T05:46:03Z,2021-04-30T13:55:28Z,
765589209,40827,1622600,"['attached PR', 'activestorage']",7,2020-12-13T18:40:41Z,2021-06-11T23:13:36Z,
760772510,40778,57139027,['railties'],4,2020-12-10T00:16:15Z,2021-12-17T21:40:24Z,
745554501,40642,6681358,"['activemodel', 'attached PR']",7,2020-11-18T10:55:22Z,2021-02-17T19:47:04Z,
723377480,40401,46724,['activerecord'],14,2020-10-16T16:51:21Z,2022-01-16T03:16:31Z,
721513659,40385,153388,['activerecord'],11,2020-10-14T14:31:14Z,2021-12-14T14:18:13Z,
715065036,40337,4672858,"['activejob', 'pinned']",24,2020-10-05T18:27:44Z,2021-09-08T19:51:12Z,
702217507,40230,8429638,[],10,2020-09-15T19:58:57Z,2021-12-13T23:39:57Z,
700465388,40224,46724,['activerecord'],11,2020-09-13T02:47:18Z,2021-12-06T16:50:42Z,
699261912,40217,503025,['actionpack'],10,2020-09-11T12:33:12Z,2021-12-16T10:41:15Z,
695669585,40200,503025,"['actionpack', 'attached PR', 'pinned']",10,2020-09-08T08:29:50Z,2021-06-16T11:30:27Z,
679770665,40058,771968,"['activerecord', 'docs', 'activejob']",5,2020-08-16T15:07:43Z,2022-01-20T21:41:16Z,
679374493,40051,1322013,"['actionpack', 'ready']",7,2020-08-14T20:01:28Z,2021-12-05T23:29:28Z,
670939323,39968,9206778,['activerecord'],37,2020-08-01T14:58:01Z,2022-02-23T06:48:32Z,
659298581,39863,12642,['activerecord'],14,2020-07-17T14:24:10Z,2022-03-03T22:53:01Z,
647377601,39750,4335742,"['activerecord', 'pinned']",8,2020-06-29T13:29:12Z,2021-12-06T22:38:09Z,
644780073,39714,12289606,"['activerecord', 'With reproduction steps']",4,2020-06-24T17:20:35Z,2020-07-07T04:49:49Z,
642497870,39686,771968,['railties'],10,2020-06-21T05:20:29Z,2022-01-20T20:59:36Z,
635931936,39585,186537,['activerecord'],7,2020-06-10T05:08:19Z,2022-01-13T07:20:37Z,
633630360,39566,2741,"['actionpack', 'pinned']",7,2020-06-07T18:09:19Z,2021-12-06T22:35:33Z,
629830879,39525,4147664,"['activerecord', 'activesupport', 'railties', 'activestorage', 'actionmailbox', 'actiontext']",7,2020-06-03T09:11:19Z,2022-03-03T20:06:47Z,
627845176,39487,771968,"['actionmailer', 'activemodel', 'activerecord', 'activesupport', 'activestorage']",11,2020-05-30T23:15:22Z,2022-01-20T20:46:44Z,
627474385,39476,3124,"['actionpack', 'actionview', 'security']",9,2020-05-29T19:01:22Z,2021-06-01T01:20:36Z,
627439129,39475,3124,['security'],3,2020-05-29T17:58:15Z,2020-08-11T14:31:41Z,
627335652,39473,12642,['activerecord'],6,2020-05-29T15:03:43Z,2022-02-26T05:45:26Z,
625310727,39445,17035407,['activerecord'],34,2020-05-27T01:41:09Z,2021-12-21T00:28:27Z,
625261068,39444,658005,"['railties', 'pinned']",8,2020-05-26T23:21:58Z,2021-05-21T22:46:18Z,
623519024,39398,1710874,"['actionpack', 'railties', 'pinned']",20,2020-05-22T23:26:50Z,2022-02-03T00:56:36Z,
621664652,39364,18470,"['railties', 'docs', 'pinned', 'actionmailbox']",68,2020-05-20T10:53:04Z,2021-06-02T07:01:33Z,
619064381,39299,282447,"['docs', 'pinned']",10,2020-05-15T15:35:45Z,2022-03-02T17:44:55Z,
618175782,39283,4217871,"['docs', 'activestorage']",22,2020-05-14T12:06:48Z,2022-01-29T17:05:48Z,
615904752,39230,5098851,['With reproduction steps'],6,2020-05-11T13:55:27Z,2021-07-05T16:41:02Z,
615185937,39207,1645017,"['activerecord', 'pinned']",3,2020-05-09T14:19:33Z,2021-07-12T10:48:12Z,
612349686,39150,12642,['activerecord'],12,2020-05-05T05:33:01Z,2021-12-06T03:57:14Z,
604800526,39015,15860699,"['pinned', 'activestorage']",4,2020-04-22T14:24:50Z,2021-05-14T17:22:57Z,
599132361,38940,118412,"['attached PR', 'activestorage']",12,2020-04-13T20:58:24Z,2021-06-23T15:23:59Z,
580792253,38721,64965,"['activerecord', 'railties', 'docs', 'pinned']",28,2020-03-13T19:15:01Z,2021-07-20T03:52:34Z,
579668385,38707,5259935,"['activerecord', 'With reproduction steps']",10,2020-03-12T03:29:14Z,2020-09-29T13:51:25Z,
571168840,38577,6270921,"['activerecord', 'pinned']",9,2020-02-26T08:54:52Z,2021-07-29T07:26:08Z,
546949823,38189,1554154,"['activerecord', 'With reproduction steps']",5,2020-01-08T15:56:47Z,2020-04-16T17:27:07Z,
545385700,38157,8451003,"['activerecord', 'With reproduction steps']",5,2020-01-05T07:44:21Z,2021-07-17T13:22:05Z,
544914769,38146,4278,['activerecord'],19,2020-01-03T09:27:56Z,2022-02-23T23:17:15Z,
540763801,38045,11524757,"['regression', 'activerecord']",9,2019-12-20T05:08:17Z,2021-04-01T09:47:17Z,
540363365,38036,40397741,"['regression', 'activerecord']",2,2019-12-19T14:55:56Z,2021-06-21T19:23:14Z,
539832778,38027,1409998,"['pinned', 'actiontext']",6,2019-12-18T18:00:09Z,2022-02-24T08:25:37Z,
536810238,37944,5148,['activerecord'],31,2019-12-12T07:45:12Z,2022-01-18T20:31:11Z,
532287987,37875,2741,"['activesupport', 'pinned']",9,2019-12-03T21:47:14Z,2022-02-15T01:30:31Z,
528998613,37807,570991,['activerecord'],14,2019-11-26T22:07:48Z,2022-01-17T07:45:23Z,
523191363,37724,3922511,['activerecord'],28,2019-11-15T00:53:54Z,2022-02-14T14:15:18Z,
512150051,37555,93276,"['activerecord', 'attached PR']",11,2019-10-24T19:57:37Z,2021-02-22T10:08:11Z,
510400459,37524,80150,['activerecord'],2,2019-10-22T02:51:55Z,2021-12-15T01:07:32Z,
496901128,37270,79303,['activejob'],41,2019-09-23T05:29:13Z,2021-12-14T18:24:44Z,
484247976,37022,12515498,"['With reproduction steps', 'activestorage']",3,2019-08-22T22:36:55Z,2019-11-01T16:06:30Z,
481939236,36965,620564,"['regression', 'activerecord']",13,2019-08-18T00:31:35Z,2021-07-26T03:49:31Z,
478138154,36886,64965,"['activerecord', 'activesupport', 'railties', 'docs', 'pinned']",2,2019-08-07T21:02:21Z,2021-01-14T17:01:15Z,
475731365,36833,17407489,"['activerecord', 'attached PR']",2,2019-08-01T14:56:16Z,2019-11-21T16:53:31Z,
471716116,36737,3408791,"['actionpack', 'needs feedback', 'pinned']",3,2019-07-23T14:02:00Z,2020-11-24T16:55:15Z,
467973463,36682,20240901,"['activerecord', 'With reproduction steps']",6,2019-07-15T07:14:11Z,2019-08-12T17:26:07Z,
465465533,36628,11362209,"['activerecord', 'attached PR']",0,2019-07-08T21:21:52Z,2019-07-17T22:35:24Z,
462351867,36578,12647,"['With reproduction steps', 'activestorage']",3,2019-06-29T23:50:10Z,2019-07-23T08:19:23Z,
457200554,36512,295007,"['activerecord', 'attached PR']",4,2019-06-18T00:05:44Z,2021-08-29T23:56:41Z,
455890431,36475,31311538,"['activerecord', 'With reproduction steps']",8,2019-06-13T18:28:12Z,2019-07-04T05:43:04Z,
452824859,36423,14797300,"['attached PR', 'activestorage']",2,2019-06-06T04:21:18Z,2020-12-25T06:20:22Z,
452368183,36413,404380,"['activerecord', 'With reproduction steps']",11,2019-06-05T08:12:56Z,2019-10-08T12:13:10Z,
437676362,36108,337924,"['activerecord', 'attached PR']",1,2019-04-26T13:35:38Z,2019-05-03T00:26:36Z,
427447230,35811,341793,"['attached PR', 'activestorage']",12,2019-03-31T21:14:52Z,2021-12-15T01:06:34Z,
422666940,35666,30461862,"['activerecord', 'With reproduction steps']",4,2019-03-19T10:58:02Z,2019-04-05T13:40:51Z,
417575570,35489,2741,"['railties', 'pinned', 'actionmailbox']",10,2019-03-06T01:11:40Z,2021-12-06T22:38:01Z,
414471562,35416,482276,"['actionmailer', 'With reproduction steps']",4,2019-02-26T07:38:08Z,2020-07-21T03:22:10Z,
402432157,35032,3124,"['actionview', 'pinned']",1,2019-01-23T21:13:13Z,2019-04-24T05:14:37Z,
400418278,34964,1036610,"['activerecord', 'With reproduction steps']",4,2019-01-17T19:01:27Z,2019-07-11T15:04:04Z,
386445725,34584,12642,['activesupport'],22,2018-12-01T10:30:42Z,2022-02-26T05:45:39Z,
380909275,34452,135265,"['actionpack', 'engines', 'attached PR', 'With reproduction steps']",0,2018-11-14T22:10:42Z,2018-11-15T16:50:24Z,
380492882,34443,36071943,"['pinned', 'activestorage']",7,2018-11-14T01:11:07Z,2020-11-09T03:45:36Z,
373791560,34310,4583474,['pinned'],10,2018-10-25T06:24:54Z,2019-03-29T18:39:31Z,
372453930,34282,710262,"['actionview', 'attached PR']",2,2018-10-22T09:38:55Z,2018-10-27T05:23:31Z,
365007401,34023,94129,"['actionpack', 'pinned']",2,2018-09-28T19:09:57Z,2018-12-31T13:52:23Z,
363574280,33980,4124528,"['actionpack', 'With reproduction steps']",1,2018-09-25T13:18:13Z,2018-10-02T04:34:39Z,
346683790,33505,25071920,"['attached PR', 'actioncable']",0,2018-08-01T16:54:35Z,2018-08-02T00:34:06Z,
339800373,33330,12642,"['activerecord', 'pinned']",31,2018-07-10T11:23:25Z,2022-02-04T12:30:37Z,
337966775,33284,13788135,"['activerecord', 'attached PR']",4,2018-07-03T16:14:06Z,2018-07-20T02:21:32Z,
337288725,33270,1034,"['docs', 'pinned']",2,2018-07-01T12:50:32Z,2022-01-10T14:37:52Z,
334599069,33179,170317,"['activesupport', 'attached PR']",3,2018-06-21T18:03:02Z,2021-07-27T21:36:25Z,
333434461,33155,303729,"['activerecord', 'With reproduction steps']",7,2018-06-18T21:05:07Z,2022-01-11T14:06:23Z,
328248767,33036,5926159,"['pinned', 'activestorage']",18,2018-05-31T18:29:53Z,2021-05-19T08:38:13Z,
327796190,33022,581562,['attached PR'],4,2018-05-30T15:59:39Z,2018-06-15T05:54:06Z,
323855663,32912,6838487,['attached PR'],3,2018-05-17T03:01:22Z,2018-07-04T05:29:37Z,
323045369,32888,159415,"['activerecord', 'attached PR']",4,2018-05-15T02:32:39Z,2020-10-27T02:48:44Z,
319978834,32803,219275,['attached PR'],1,2018-05-03T15:50:20Z,2019-12-20T14:37:53Z,
319052027,32770,147175,"['actionpack', 'security']",5,2018-04-30T22:05:40Z,2021-10-22T20:51:56Z,
311889316,32476,1460035,"['activerecord', 'With reproduction steps']",8,2018-04-06T08:28:23Z,2019-11-18T06:41:10Z,
306159949,32276,2261869,"['activerecord', 'With reproduction steps']",6,2018-03-17T14:19:05Z,2021-02-05T08:36:15Z,
304755601,32238,6321,['activestorage'],27,2018-03-13T13:03:08Z,2022-02-06T11:40:51Z,
303527139,32198,7910967,"['actionpack', 'attached PR']",1,2018-03-08T15:45:48Z,2019-07-06T16:51:27Z,
301142583,32140,1919498,['pinned'],11,2018-02-28T18:59:33Z,2020-11-13T01:17:07Z,
300844176,32136,5495713,"['activerecord', 'pinned']",12,2018-02-28T00:20:36Z,2021-01-14T17:00:58Z,
300822886,32135,30030,"['activerecord', 'pinned']",14,2018-02-27T22:47:05Z,2021-01-14T17:00:56Z,
297920973,32024,547653,"['activerecord', 'With reproduction steps']",13,2018-02-16T21:10:43Z,2020-05-08T18:27:41Z,
296830494,31985,3263575,"['With reproduction steps', 'activestorage']",12,2018-02-13T17:56:05Z,2022-01-14T14:27:59Z,
285164211,31595,5657035,"['actionmailer', 'railties', 'docs', 'pinned', 'ready']",17,2017-12-29T22:32:11Z,2021-07-06T20:26:54Z,
282118583,31445,6088679,"['activerecord', 'attached PR']",11,2017-12-14T14:27:15Z,2021-06-30T12:42:00Z,
281874899,31431,473595,"['activerecord', 'With reproduction steps']",7,2017-12-13T19:53:09Z,2020-03-27T19:39:38Z,
272487981,31100,1775352,"['activerecord', 'With reproduction steps']",20,2017-11-09T09:09:51Z,2021-09-13T11:12:37Z,
271112479,31045,993340,"['activesupport', 'attached PR']",2,2017-11-03T20:39:59Z,2017-11-23T05:35:14Z,
233951414,29374,21663186,"['activerecord', 'attached PR']",4,2017-06-06T16:32:16Z,2021-12-15T01:36:02Z,
233811314,29368,399968,"['security', 'rails-ujs']",9,2017-06-06T08:08:58Z,2021-08-29T11:25:29Z,
